-- MySQL dump 10.13  Distrib 5.7.27, for Linux (x86_64)
--
-- Host: localhost    Database: cinima
-- ------------------------------------------------------
-- Server version	5.7.27-0ubuntu0.18.04.1

/*!40101 SET @OLD_CHARACTER_SET_CLIENT=@@CHARACTER_SET_CLIENT */;
/*!40101 SET @OLD_CHARACTER_SET_RESULTS=@@CHARACTER_SET_RESULTS */;
/*!40101 SET @OLD_COLLATION_CONNECTION=@@COLLATION_CONNECTION */;
/*!40101 SET NAMES utf8 */;
/*!40103 SET @OLD_TIME_ZONE=@@TIME_ZONE */;
/*!40103 SET TIME_ZONE='+00:00' */;
/*!40014 SET @OLD_UNIQUE_CHECKS=@@UNIQUE_CHECKS, UNIQUE_CHECKS=0 */;
/*!40014 SET @OLD_FOREIGN_KEY_CHECKS=@@FOREIGN_KEY_CHECKS, FOREIGN_KEY_CHECKS=0 */;
/*!40101 SET @OLD_SQL_MODE=@@SQL_MODE, SQL_MODE='NO_AUTO_VALUE_ON_ZERO' */;
/*!40111 SET @OLD_SQL_NOTES=@@SQL_NOTES, SQL_NOTES=0 */;

--
-- Table structure for table `actor_film`
--

DROP TABLE IF EXISTS `actor_film`;
/*!40101 SET @saved_cs_client     = @@character_set_client */;
/*!40101 SET character_set_client = utf8 */;
CREATE TABLE `actor_film` (
  `actor_id` int(11) NOT NULL,
  `film_id` int(11) NOT NULL,
  KEY `actor_id` (`actor_id`),
  KEY `film_id` (`film_id`),
  CONSTRAINT `actor_film_ibfk_1` FOREIGN KEY (`actor_id`) REFERENCES `actors` (`id`),
  CONSTRAINT `actor_film_ibfk_2` FOREIGN KEY (`film_id`) REFERENCES `films` (`id`)
) ENGINE=InnoDB DEFAULT CHARSET=latin1;
/*!40101 SET character_set_client = @saved_cs_client */;

--
-- Dumping data for table `actor_film`
--

LOCK TABLES `actor_film` WRITE;
/*!40000 ALTER TABLE `actor_film` DISABLE KEYS */;
INSERT INTO `actor_film` VALUES (1,1),(2,2),(3,4),(3,5),(4,4),(5,4),(6,3),(6,6);
/*!40000 ALTER TABLE `actor_film` ENABLE KEYS */;
UNLOCK TABLES;

--
-- Table structure for table `actors`
--

DROP TABLE IF EXISTS `actors`;
/*!40101 SET @saved_cs_client     = @@character_set_client */;
/*!40101 SET character_set_client = utf8 */;
CREATE TABLE `actors` (
  `id` int(11) NOT NULL AUTO_INCREMENT,
  `actor` varchar(30) NOT NULL,
  PRIMARY KEY (`id`)
) ENGINE=InnoDB AUTO_INCREMENT=7 DEFAULT CHARSET=latin1;
/*!40101 SET character_set_client = @saved_cs_client */;

--
-- Dumping data for table `actors`
--

LOCK TABLES `actors` WRITE;
/*!40000 ALTER TABLE `actors` DISABLE KEYS */;
INSERT INTO `actors` VALUES (1,'John Depp'),(2,'Van Damme'),(3,'Konstantin Habenskiy'),(4,'Angelina Joli'),(5,'Morgan Frimen'),(6,'Kianu Reevs');
/*!40000 ALTER TABLE `actors` ENABLE KEYS */;
UNLOCK TABLES;

--
-- Table structure for table `films`
--

DROP TABLE IF EXISTS `films`;
/*!40101 SET @saved_cs_client     = @@character_set_client */;
/*!40101 SET character_set_client = utf8 */;
CREATE TABLE `films` (
  `id` int(11) NOT NULL AUTO_INCREMENT,
  `film` varchar(30) NOT NULL,
  `producer_id` int(11) DEFAULT NULL,
  PRIMARY KEY (`id`),
  KEY `producer_id` (`producer_id`),
  CONSTRAINT `films_ibfk_1` FOREIGN KEY (`producer_id`) REFERENCES `producer` (`id`)
) ENGINE=InnoDB AUTO_INCREMENT=7 DEFAULT CHARSET=latin1;
/*!40101 SET character_set_client = @saved_cs_client */;

--
-- Dumping data for table `films`
--

LOCK TABLES `films` WRITE;
/*!40000 ALTER TABLE `films` DISABLE KEYS */;
INSERT INTO `films` VALUES (1,'Pirates of the Caribbean',1),(2,'Blood sport 2',2),(3,'Matrix',4),(4,'Wanted',3),(5,'Night Dozor',3),(6,'Jon Uik',5);
/*!40000 ALTER TABLE `films` ENABLE KEYS */;
UNLOCK TABLES;

--
-- Table structure for table `producer`
--

DROP TABLE IF EXISTS `producer`;
/*!40101 SET @saved_cs_client     = @@character_set_client */;
/*!40101 SET character_set_client = utf8 */;
CREATE TABLE `producer` (
  `id` int(11) NOT NULL AUTO_INCREMENT,
  `producer` varchar(33) NOT NULL,
  PRIMARY KEY (`id`)
) ENGINE=InnoDB AUTO_INCREMENT=6 DEFAULT CHARSET=latin1;
/*!40101 SET character_set_client = @saved_cs_client */;

--
-- Dumping data for table `producer`
--

LOCK TABLES `producer` WRITE;
/*!40000 ALTER TABLE `producer` DISABLE KEYS */;
INSERT INTO `producer` VALUES (1,'Rob Marshal'),(2,'Jeff Schechter'),(3,'Becmanbecov'),(4,'Wachowski'),(5,'Chad Stahelski');
/*!40000 ALTER TABLE `producer` ENABLE KEYS */;
UNLOCK TABLES;
/*!40103 SET TIME_ZONE=@OLD_TIME_ZONE */;

/*!40101 SET SQL_MODE=@OLD_SQL_MODE */;
/*!40014 SET FOREIGN_KEY_CHECKS=@OLD_FOREIGN_KEY_CHECKS */;
/*!40014 SET UNIQUE_CHECKS=@OLD_UNIQUE_CHECKS */;
/*!40101 SET CHARACTER_SET_CLIENT=@OLD_CHARACTER_SET_CLIENT */;
/*!40101 SET CHARACTER_SET_RESULTS=@OLD_CHARACTER_SET_RESULTS */;
/*!40101 SET COLLATION_CONNECTION=@OLD_COLLATION_CONNECTION */;
/*!40111 SET SQL_NOTES=@OLD_SQL_NOTES */;

-- Dump completed on 2019-11-10 23:08:58
